101,Kingsbridge - Riverdale,6/1/09,10.38
102,Northeast Bronx,6/1/09,10.33
103,Fordham - Bronx Pk,6/1/09,10.6
104,Pelham - Throgs Neck,6/1/09,10.44
201,Greenpoint,6/1/09,12.17
202,Downtown - Heights - Slope,6/1/09,11.71
203,Bedford Stuyvesant - Crown Heights,6/1/09,10.92
204,East New York,6/1/09,10.79
205,Sunset Park,6/1/09,11.45
206,Borough Park,6/1/09,10.77
207,East Flatbush - Flatbush,6/1/09,10.81
208,Canarsie - Flatlands,6/1/09,10.35
209,Bensonhurst - Bay Ridge,6/1/09,10.59
210,Coney Island - Sheepshead Bay,6/1/09,10.38
211,Williamsburg - Bushwick,6/1/09,11.52
301,Washington Heights,6/1/09,11.03
302,Central Harlem - Morningside Heights,6/1/09,11.36
303,East Harlem,6/1/09,11.5
304,Upper West Side,6/1/09,12.13
401,Long Island City - Astoria,6/1/09,11.6
402,West Queens,6/1/09,11.13
403,Flushing - Clearview,6/1/09,10.23
405,Ridgewood - Forest Hills,6/1/09,10.56
407,Southwest Queens,6/1/09,10.13
408,Jamaica,6/1/09,10.13
409,Southeast Queens,6/1/09,9.65
410,Rockaways,6/1/09,9.6
305307,Upper East Side-Gramercy,6/1/09,13.91
306308,Chelsea-Village,6/1/09,13.83
309310,Union Square-Lower Manhattan,6/1/09,12.54
404406,Bayside Little Neck-Fresh Meadows,6/1/09,9.96
501502,Northern SI,6/1/09,10.5
503504,Southern SI,6/1/09,10.5
105106107,South Bronx,6/1/09,11.35
101,Kingsbridge - Riverdale,6/1/09,10.38
102,Northeast Bronx,6/1/09,10.33
103,Fordham - Bronx Pk,6/1/09,10.6
104,Pelham - Throgs Neck,6/1/09,10.44
105,Crotona -Tremont,6/1/09,11.33
106,High Bridge - Morrisania,6/1/09,11.44
107,Hunts Point - Mott Haven,6/1/09,9.74
201,Greenpoint,6/1/09,12.17
202,Downtown - Heights - Slope,6/1/09,11.71
203,Bedford Stuyvesant - Crown Heights,6/1/09,10.92
204,East New York,6/1/09,10.08
205,Sunset Park,6/1/09,11.45
206,Borough Park,6/1/09,10.77
207,East Flatbush - Flatbush,6/1/09,10.81
208,Canarsie - Flatlands,6/1/09,10.35
209,Bensonhurst - Bay Ridge,6/1/09,10.59
210,Coney Island - Sheepshead Bay,6/1/09,10.38
211,Williamsburg - Bushwick,6/1/09,12.74
301,Washington Heights,6/1/09,10.76
302,Central Harlem - Morningside Heights,6/1/09,11.36
303,East Harlem,6/1/09,10.95
304,Upper West Side,6/1/09,12.13
305,Upper East Side,6/1/09,12.91
306,Chelsea - Clinton,6/1/09,14.29
307,Gramercy Park - Murray Hill,6/1/09,15.05
308,Greenwich Village - SoHo,6/1/09,12.9
309,Union Square - Lower East Side,6/1/09,12.26
310,Lower Manhattan,6/1/09,13.16
401,Long Island City - Astoria,6/1/09,11.6
402,West Queens,6/1/09,11.13
403,Flushing - Clearview,6/1/09,10.23
404,Bayside - Little Neck,6/1/09,9.87
405,Ridgewood - Forest Hills,6/1/09,10.56
406,Fresh Meadows,6/1/09,10.09
407,Southwest Queens,6/1/09,10.13
408,Jamaica,6/1/09,10.13
409,Southeast Queens,6/1/09,9.65
410,Rockaways,6/1/09,9.6
501,Port Richmond,6/1/09,10.75
502,Stapleton - St. George,6/1/09,10.36
503,Willowbrook,6/1/09,10.73
504,South Beach - Tottenville,6/1/09,10.37
101,Kingsbridge - Riverdale,6/1/10,11.83
102,Northeast Bronx,6/1/10,11.83
103,Fordham - Bronx Pk,6/1/10,11.97
104,Pelham - Throgs Neck,6/1/10,11.87
201,Greenpoint,6/1/10,13.32
202,Downtown - Heights - Slope,6/1/10,12.73
203,Bedford Stuyvesant - Crown Heights,6/1/10,11.96
204,East New York,6/1/10,11.93
205,Sunset Park,6/1/10,12.46
206,Borough Park,6/1/10,11.73
207,East Flatbush - Flatbush,6/1/10,11.81
208,Canarsie - Flatlands,6/1/10,11.44
209,Bensonhurst - Bay Ridge,6/1/10,11.56
210,Coney Island - Sheepshead Bay,6/1/10,11.35
211,Williamsburg - Bushwick,6/1/10,12.6
301,Washington Heights,6/1/10,12.3
302,Central Harlem - Morningside Heights,6/1/10,12.49
303,East Harlem,6/1/10,12.64
304,Upper West Side,6/1/10,13.03
401,Long Island City - Astoria,6/1/10,12.81
402,West Queens,6/1/10,12.34
403,Flushing - Clearview,6/1/10,11.58
405,Ridgewood - Forest Hills,6/1/10,11.73
407,Southwest Queens,6/1/10,11.33
408,Jamaica,6/1/10,11.39
409,Southeast Queens,6/1/10,10.98
410,Rockaways,6/1/10,10.74
305307,Upper East Side-Gramercy,6/1/10,14.46
306308,Chelsea-Village,6/1/10,14.42
309310,Union Square-Lower Manhattan,6/1/10,13.31
404406,Bayside Little Neck-Fresh Meadows,6/1/10,11.31
501502,Northern SI,6/1/10,11.48
503504,Southern SI,6/1/10,11.41
105106107,South Bronx,6/1/10,12.64
101,Kingsbridge - Riverdale,6/1/10,11.83
102,Northeast Bronx,6/1/10,11.83
103,Fordham - Bronx Pk,6/1/10,11.97
104,Pelham - Throgs Neck,6/1/10,11.87
105,Crotona -Tremont,6/1/10,12.63
106,High Bridge - Morrisania,6/1/10,12.66
107,Hunts Point - Mott Haven,6/1/10,11.12
201,Greenpoint,6/1/10,13.32
202,Downtown - Heights - Slope,6/1/10,12.73
203,Bedford Stuyvesant - Crown Heights,6/1/10,11.96
204,East New York,6/1/10,11.26
205,Sunset Park,6/1/10,12.46
206,Borough Park,6/1/10,11.73
207,East Flatbush - Flatbush,6/1/10,11.81
208,Canarsie - Flatlands,6/1/10,11.44
209,Bensonhurst - Bay Ridge,6/1/10,11.56
210,Coney Island - Sheepshead Bay,6/1/10,11.35
211,Williamsburg - Bushwick,6/1/10,13.92
301,Washington Heights,6/1/10,12.11
302,Central Harlem - Morningside Heights,6/1/10,12.49
303,East Harlem,6/1/10,12.31
304,Upper West Side,6/1/10,13.03
305,Upper East Side,6/1/10,13.66
306,Chelsea - Clinton,6/1/10,14.8
307,Gramercy Park - Murray Hill,6/1/10,15.38
308,Greenwich Village - SoHo,6/1/10,13.66
309,Union Square - Lower East Side,6/1/10,13.11
310,Lower Manhattan,6/1/10,13.75
401,Long Island City - Astoria,6/1/10,12.81
402,West Queens,6/1/10,12.34
403,Flushing - Clearview,6/1/10,11.58
404,Bayside - Little Neck,6/1/10,11.26
405,Ridgewood - Forest Hills,6/1/10,11.73
406,Fresh Meadows,6/1/10,11.39
407,Southwest Queens,6/1/10,11.33
408,Jamaica,6/1/10,11.39
409,Southeast Queens,6/1/10,10.98
410,Rockaways,6/1/10,10.74
501,Port Richmond,6/1/10,11.74
502,Stapleton - St. George,6/1/10,11.35
503,Willowbrook,6/1/10,11.68
504,South Beach - Tottenville,6/1/10,11.25
101,Kingsbridge - Riverdale,6/1/11,11.3
102,Northeast Bronx,6/1/11,11.39
103,Fordham - Bronx Pk,6/1/11,11.48
104,Pelham - Throgs Neck,6/1/11,11.46
201,Greenpoint,6/1/11,12.84
202,Downtown - Heights - Slope,6/1/11,12.26
203,Bedford Stuyvesant - Crown Heights,6/1/11,11.54
204,East New York,6/1/11,11.57
205,Sunset Park,6/1/11,12.03
206,Borough Park,6/1/11,11.34
207,East Flatbush - Flatbush,6/1/11,11.42
208,Canarsie - Flatlands,6/1/11,11.12
209,Bensonhurst - Bay Ridge,6/1/11,11.19
210,Coney Island - Sheepshead Bay,6/1/11,11.05
211,Williamsburg - Bushwick,6/1/11,12.16
301,Washington Heights,6/1/11,11.75
302,Central Harlem - Morningside Heights,6/1/11,11.93
303,East Harlem,6/1/11,12.11
304,Upper West Side,6/1/11,12.46
401,Long Island City - Astoria,6/1/11,12.33
402,West Queens,6/1/11,11.92
403,Flushing - Clearview,6/1/11,11.24
405,Ridgewood - Forest Hills,6/1/11,11.35
407,Southwest Queens,6/1/11,11.03
408,Jamaica,6/1/11,11.15
409,Southeast Queens,6/1/11,10.79
410,Rockaways,6/1/11,10.59
305307,Upper East Side-Gramercy,6/1/11,13.92
306308,Chelsea-Village,6/1/11,13.86
309310,Union Square-Lower Manhattan,6/1/11,12.78
404406,Bayside Little Neck-Fresh Meadows,6/1/11,11.04
501502,Northern SI,6/1/11,11.09
503504,Southern SI,6/1/11,11.09
105106107,South Bronx,6/1/11,12.15
101,Kingsbridge - Riverdale,6/1/11,11.3
102,Northeast Bronx,6/1/11,11.39
103,Fordham - Bronx Pk,6/1/11,11.48
104,Pelham - Throgs Neck,6/1/11,11.46
105,Crotona -Tremont,6/1/11,12.13
106,High Bridge - Morrisania,6/1/11,12.14
107,Hunts Point - Mott Haven,6/1/11,10.67
201,Greenpoint,6/1/11,12.84
202,Downtown - Heights - Slope,6/1/11,12.26
203,Bedford Stuyvesant - Crown Heights,6/1/11,11.54
204,East New York,6/1/11,10.9
205,Sunset Park,6/1/11,12.03
206,Borough Park,6/1/11,11.34
207,East Flatbush - Flatbush,6/1/11,11.42
208,Canarsie - Flatlands,6/1/11,11.12
209,Bensonhurst - Bay Ridge,6/1/11,11.19
210,Coney Island - Sheepshead Bay,6/1/11,11.05
211,Williamsburg - Bushwick,6/1/11,13.48
301,Washington Heights,6/1/11,11.58
302,Central Harlem - Morningside Heights,6/1/11,11.93
303,East Harlem,6/1/11,11.81
304,Upper West Side,6/1/11,12.46
305,Upper East Side,6/1/11,13.11
306,Chelsea - Clinton,6/1/11,14.24
307,Gramercy Park - Murray Hill,6/1/11,14.82
308,Greenwich Village - SoHo,6/1/11,13.12
309,Union Square - Lower East Side,6/1/11,12.59
310,Lower Manhattan,6/1/11,13.21
401,Long Island City - Astoria,6/1/11,12.33
402,West Queens,6/1/11,11.92
403,Flushing - Clearview,6/1/11,11.24
404,Bayside - Little Neck,6/1/11,11.01
405,Ridgewood - Forest Hills,6/1/11,11.35
406,Fresh Meadows,6/1/11,11.08
407,Southwest Queens,6/1/11,11.03
408,Jamaica,6/1/11,11.15
409,Southeast Queens,6/1/11,10.79
410,Rockaways,6/1/11,10.59
501,Port Richmond,6/1/11,11.31
502,Stapleton - St. George,6/1/11,10.96
503,Willowbrook,6/1/11,11.3
504,South Beach - Tottenville,6/1/11,10.96
101,Kingsbridge - Riverdale,6/1/12,10.15
102,Northeast Bronx,6/1/12,10.23
103,Fordham - Bronx Pk,6/1/12,10.35
104,Pelham - Throgs Neck,6/1/12,10.29
201,Greenpoint,6/1/12,11.69
202,Downtown - Heights - Slope,6/1/12,11.12
203,Bedford Stuyvesant - Crown Heights,6/1/12,10.41
204,East New York,6/1/12,10.41
205,Sunset Park,6/1/12,10.87
206,Borough Park,6/1/12,10.2
207,East Flatbush - Flatbush,6/1/12,10.28
208,Canarsie - Flatlands,6/1/12,9.95
209,Bensonhurst - Bay Ridge,6/1/12,10.03
210,Coney Island - Sheepshead Bay,6/1/12,9.89
211,Williamsburg - Bushwick,6/1/12,11.02
301,Washington Heights,6/1/12,10.64
302,Central Harlem - Morningside Heights,6/1/12,10.85
303,East Harlem,6/1/12,11.01
304,Upper West Side,6/1/12,11.44
401,Long Island City - Astoria,6/1/12,11.18
402,West Queens,6/1/12,10.77
403,Flushing - Clearview,6/1/12,10.07
405,Ridgewood - Forest Hills,6/1/12,10.2
407,Southwest Queens,6/1/12,9.86
408,Jamaica,6/1/12,9.98
409,Southeast Queens,6/1/12,9.61
410,Rockaways,6/1/12,9.41
305307,Upper East Side-Gramercy,6/1/12,13.01
306308,Chelsea-Village,6/1/12,12.92
309310,Union Square-Lower Manhattan,6/1/12,11.76
404406,Bayside Little Neck-Fresh Meadows,6/1/12,9.87
501502,Northern SI,6/1/12,9.9
503504,Southern SI,6/1/12,9.9
105106107,South Bronx,6/1/12,11.02
101,Kingsbridge - Riverdale,6/1/12,10.15
102,Northeast Bronx,6/1/12,10.23
103,Fordham - Bronx Pk,6/1/12,10.35
104,Pelham - Throgs Neck,6/1/12,10.29
105,Crotona -Tremont,6/1/12,11.01
106,High Bridge - Morrisania,6/1/12,11.03
107,Hunts Point - Mott Haven,6/1/12,9.49
201,Greenpoint,6/1/12,11.69
202,Downtown - Heights - Slope,6/1/12,11.12
203,Bedford Stuyvesant - Crown Heights,6/1/12,10.41
204,East New York,6/1/12,9.73
205,Sunset Park,6/1/12,10.87
206,Borough Park,6/1/12,10.2
207,East Flatbush - Flatbush,6/1/12,10.28
208,Canarsie - Flatlands,6/1/12,9.95
209,Bensonhurst - Bay Ridge,6/1/12,10.03
210,Coney Island - Sheepshead Bay,6/1/12,9.89
211,Williamsburg - Bushwick,6/1/12,12.31
301,Washington Heights,6/1/12,10.45
302,Central Harlem - Morningside Heights,6/1/12,10.85
303,East Harlem,6/1/12,10.63
304,Upper West Side,6/1/12,11.44
305,Upper East Side,6/1/12,12.14
306,Chelsea - Clinton,6/1/12,13.33
307,Gramercy Park - Murray Hill,6/1/12,13.98
308,Greenwich Village - SoHo,6/1/12,12.1
309,Union Square - Lower East Side,6/1/12,11.54
310,Lower Manhattan,6/1/12,12.25
401,Long Island City - Astoria,6/1/12,11.18
402,West Queens,6/1/12,10.77
403,Flushing - Clearview,6/1/12,10.07
404,Bayside - Little Neck,6/1/12,9.84
405,Ridgewood - Forest Hills,6/1/12,10.2
406,Fresh Meadows,6/1/12,9.92
407,Southwest Queens,6/1/12,9.86
408,Jamaica,6/1/12,9.98
409,Southeast Queens,6/1/12,9.61
410,Rockaways,6/1/12,9.41
501,Port Richmond,6/1/12,10.13
502,Stapleton - St. George,6/1/12,9.78
503,Willowbrook,6/1/12,10.12
504,South Beach - Tottenville,6/1/12,9.78
101,Kingsbridge - Riverdale,6/1/13,10.01
102,Northeast Bronx,6/1/13,10.17
103,Fordham - Bronx Pk,6/1/13,10.29
104,Pelham - Throgs Neck,6/1/13,10.26
201,Greenpoint,6/1/13,11.54
202,Downtown - Heights - Slope,6/1/13,10.95
203,Bedford Stuyvesant - Crown Heights,6/1/13,10.32
204,East New York,6/1/13,10.36
205,Sunset Park,6/1/13,10.62
206,Borough Park,6/1/13,10.02
207,East Flatbush - Flatbush,6/1/13,10.17
208,Canarsie - Flatlands,6/1/13,9.85
209,Bensonhurst - Bay Ridge,6/1/13,9.77
210,Coney Island - Sheepshead Bay,6/1/13,9.71
211,Williamsburg - Bushwick,6/1/13,10.93
301,Washington Heights,6/1/13,10.52
302,Central Harlem - Morningside Heights,6/1/13,10.76
303,East Harlem,6/1/13,10.91
304,Upper West Side,6/1/13,11.38
401,Long Island City - Astoria,6/1/13,11.07
402,West Queens,6/1/13,10.71
403,Flushing - Clearview,6/1/13,10.09
405,Ridgewood - Forest Hills,6/1/13,10.17
407,Southwest Queens,6/1/13,9.88
408,Jamaica,6/1/13,10.07
409,Southeast Queens,6/1/13,9.75
410,Rockaways,6/1/13,9.45
305307,Upper East Side-Gramercy,6/1/13,13.1
306308,Chelsea-Village,6/1/13,12.93
309310,Union Square-Lower Manhattan,6/1/13,11.69
404406,Bayside Little Neck-Fresh Meadows,6/1/13,9.95
501502,Northern SI,6/1/13,9.42
503504,Southern SI,6/1/13,9.27
105106107,South Bronx,6/1/13,10.93
101,Kingsbridge - Riverdale,6/1/13,10.01
102,Northeast Bronx,6/1/13,10.17
103,Fordham - Bronx Pk,6/1/13,10.29
104,Pelham - Throgs Neck,6/1/13,10.26
105,Crotona -Tremont,6/1/13,10.94
106,High Bridge - Morrisania,6/1/13,10.95
107,Hunts Point - Mott Haven,6/1/13,9.39
201,Greenpoint,6/1/13,11.54
202,Downtown - Heights - Slope,6/1/13,10.95
203,Bedford Stuyvesant - Crown Heights,6/1/13,10.32
204,East New York,6/1/13,9.68
205,Sunset Park,6/1/13,10.62
206,Borough Park,6/1/13,10.02
207,East Flatbush - Flatbush,6/1/13,10.17
208,Canarsie - Flatlands,6/1/13,9.85
209,Bensonhurst - Bay Ridge,6/1/13,9.77
210,Coney Island - Sheepshead Bay,6/1/13,9.71
211,Williamsburg - Bushwick,6/1/13,12.2
301,Washington Heights,6/1/13,10.35
302,Central Harlem - Morningside Heights,6/1/13,10.76
303,East Harlem,6/1/13,10.49
304,Upper West Side,6/1/13,11.38
305,Upper East Side,6/1/13,12.18
306,Chelsea - Clinton,6/1/13,13.38
307,Gramercy Park - Murray Hill,6/1/13,14.14
308,Greenwich Village - SoHo,6/1/13,12.02
309,Union Square - Lower East Side,6/1/13,11.46
310,Lower Manhattan,6/1/13,12.22
401,Long Island City - Astoria,6/1/13,11.07
402,West Queens,6/1/13,10.71
403,Flushing - Clearview,6/1/13,10.09
404,Bayside - Little Neck,6/1/13,9.94
405,Ridgewood - Forest Hills,6/1/13,10.17
406,Fresh Meadows,6/1/13,9.96
407,Southwest Queens,6/1/13,9.88
408,Jamaica,6/1/13,10.07
409,Southeast Queens,6/1/13,9.75
410,Rockaways,6/1/13,9.45
501,Port Richmond,6/1/13,9.57
502,Stapleton - St. George,6/1/13,9.34
503,Willowbrook,6/1/13,9.53
504,South Beach - Tottenville,6/1/13,9.13
101,Kingsbridge - Riverdale,6/1/14,8.65
102,Northeast Bronx,6/1/14,8.71
103,Fordham - Bronx Pk,6/1/14,8.76
104,Pelham - Throgs Neck,6/1/14,8.55
201,Greenpoint,6/1/14,10.37
202,Downtown - Heights - Slope,6/1/14,9.87
203,Bedford Stuyvesant - Crown Heights,6/1/14,8.97
204,East New York,6/1/14,8.78
205,Sunset Park,6/1/14,9.45
206,Borough Park,6/1/14,8.6
207,East Flatbush - Flatbush,6/1/14,8.74
208,Canarsie - Flatlands,6/1/14,8.24
209,Bensonhurst - Bay Ridge,6/1/14,8.27
210,Coney Island - Sheepshead Bay,6/1/14,7.99
211,Williamsburg - Bushwick,6/1/14,9.63
301,Washington Heights,6/1/14,8.96
302,Central Harlem - Morningside Heights,6/1/14,9.12
303,East Harlem,6/1/14,9.27
304,Upper West Side,6/1/14,9.79
401,Long Island City - Astoria,6/1/14,9.59
402,West Queens,6/1/14,9.05
403,Flushing - Clearview,6/1/14,8.19
405,Ridgewood - Forest Hills,6/1/14,8.49
407,Southwest Queens,6/1/14,8.06
408,Jamaica,6/1/14,8.1
409,Southeast Queens,6/1/14,7.72
410,Rockaways,6/1/14,7.37
305307,Upper East Side-Gramercy,6/1/14,11.35
306308,Chelsea-Village,6/1/14,11.48
309310,Union Square-Lower Manhattan,6/1/14,10.43
404406,Bayside Little Neck-Fresh Meadows,6/1/14,7.99
501502,Northern SI,6/1/14,8.04
503504,Southern SI,6/1/14,7.77
105106107,South Bronx,6/1/14,9.26
101,Kingsbridge - Riverdale,6/1/14,8.65
102,Northeast Bronx,6/1/14,8.71
103,Fordham - Bronx Pk,6/1/14,8.76
104,Pelham - Throgs Neck,6/1/14,8.55
105,Crotona -Tremont,6/1/14,9.29
106,High Bridge - Morrisania,6/1/14,9.27
107,Hunts Point - Mott Haven,6/1/14,7.64
201,Greenpoint,6/1/14,10.37
202,Downtown - Heights - Slope,6/1/14,9.87
203,Bedford Stuyvesant - Crown Heights,6/1/14,8.97
204,East New York,6/1/14,8.08
205,Sunset Park,6/1/14,9.45
206,Borough Park,6/1/14,8.6
207,East Flatbush - Flatbush,6/1/14,8.74
208,Canarsie - Flatlands,6/1/14,8.24
209,Bensonhurst - Bay Ridge,6/1/14,8.27
210,Coney Island - Sheepshead Bay,6/1/14,7.99
211,Williamsburg - Bushwick,6/1/14,10.93
301,Washington Heights,6/1/14,8.88
302,Central Harlem - Morningside Heights,6/1/14,9.12
303,East Harlem,6/1/14,8.88
304,Upper West Side,6/1/14,9.79
305,Upper East Side,6/1/14,10.43
306,Chelsea - Clinton,6/1/14,11.83
307,Gramercy Park - Murray Hill,6/1/14,12.38
308,Greenwich Village - SoHo,6/1/14,10.79
309,Union Square - Lower East Side,6/1/14,10.2
310,Lower Manhattan,6/1/14,10.91
401,Long Island City - Astoria,6/1/14,9.59
402,West Queens,6/1/14,9.05
403,Flushing - Clearview,6/1/14,8.19
404,Bayside - Little Neck,6/1/14,7.96
405,Ridgewood - Forest Hills,6/1/14,8.49
406,Fresh Meadows,6/1/14,8.01
407,Southwest Queens,6/1/14,8.06
408,Jamaica,6/1/14,8.1
409,Southeast Queens,6/1/14,7.72
410,Rockaways,6/1/14,7.37
501,Port Richmond,6/1/14,8.32
502,Stapleton - St. George,6/1/14,7.89
503,Willowbrook,6/1/14,8.12
504,South Beach - Tottenville,6/1/14,7.57
101,Kingsbridge - Riverdale,6/1/15,9.63
102,Northeast Bronx,6/1/15,9.73
103,Fordham - Bronx Pk,6/1/15,9.73
104,Pelham - Throgs Neck,6/1/15,9.68
201,Greenpoint,6/1/15,11
202,Downtown - Heights - Slope,6/1/15,10.29
203,Bedford Stuyvesant - Crown Heights,6/1/15,9.49
204,East New York,6/1/15,9.52
205,Sunset Park,6/1/15,9.99
206,Borough Park,6/1/15,9.17
207,East Flatbush - Flatbush,6/1/15,9.29
208,Canarsie - Flatlands,6/1/15,8.97
209,Bensonhurst - Bay Ridge,6/1/15,8.95
210,Coney Island - Sheepshead Bay,6/1/15,8.75
211,Williamsburg - Bushwick,6/1/15,10.2
301,Washington Heights,6/1/15,9.91
302,Central Harlem - Morningside Heights,6/1/15,9.99
303,East Harlem,6/1/15,10.18
304,Upper West Side,6/1/15,10.39
401,Long Island City - Astoria,6/1/15,10.46
402,West Queens,6/1/15,9.98
403,Flushing - Clearview,6/1/15,9.32
405,Ridgewood - Forest Hills,6/1/15,9.33
407,Southwest Queens,6/1/15,8.94
408,Jamaica,6/1/15,9.08
409,Southeast Queens,6/1/15,8.75
410,Rockaways,6/1/15,8.29
305307,Upper East Side-Gramercy,6/1/15,11.66
306308,Chelsea-Village,6/1/15,11.69
309310,Union Square-Lower Manhattan,6/1/15,10.68
404406,Bayside Little Neck-Fresh Meadows,6/1/15,9.07
501502,Northern SI,6/1/15,8.81
503504,Southern SI,6/1/15,8.62
105106107,South Bronx,6/1/15,10.32
101,Kingsbridge - Riverdale,6/1/15,9.63
102,Northeast Bronx,6/1/15,9.73
103,Fordham - Bronx Pk,6/1/15,9.73
104,Pelham - Throgs Neck,6/1/15,9.68
105,Crotona -Tremont,6/1/15,10.33
106,High Bridge - Morrisania,6/1/15,10.27
107,Hunts Point - Mott Haven,6/1/15,10.35
201,Greenpoint,6/1/15,11
202,Downtown - Heights - Slope,6/1/15,10.29
203,Bedford Stuyvesant - Crown Heights,6/1/15,9.49
204,East New York,6/1/15,9.52
205,Sunset Park,6/1/15,9.99
206,Borough Park,6/1/15,9.17
207,East Flatbush - Flatbush,6/1/15,9.29
208,Canarsie - Flatlands,6/1/15,8.97
209,Bensonhurst - Bay Ridge,6/1/15,8.95
210,Coney Island - Sheepshead Bay,6/1/15,8.75
211,Williamsburg - Bushwick,6/1/15,10.2
301,Washington Heights,6/1/15,9.91
302,Central Harlem - Morningside Heights,6/1/15,9.99
303,East Harlem,6/1/15,10.18
304,Upper West Side,6/1/15,10.39
305,Upper East Side,6/1/15,10.94
306,Chelsea - Clinton,6/1/15,12.01
307,Gramercy Park - Murray Hill,6/1/15,12.47
308,Greenwich Village - SoHo,6/1/15,11.04
309,Union Square - Lower East Side,6/1/15,10.53
310,Lower Manhattan,6/1/15,11.01
401,Long Island City - Astoria,6/1/15,10.46
402,West Queens,6/1/15,9.98
403,Flushing - Clearview,6/1/15,9.32
404,Bayside - Little Neck,6/1/15,9.07
405,Ridgewood - Forest Hills,6/1/15,9.33
406,Fresh Meadows,6/1/15,9.07
407,Southwest Queens,6/1/15,8.94
408,Jamaica,6/1/15,9.08
409,Southeast Queens,6/1/15,8.75
410,Rockaways,6/1/15,8.29
501,Port Richmond,6/1/15,9.08
502,Stapleton - St. George,6/1/15,8.68
503,Willowbrook,6/1/15,8.94
504,South Beach - Tottenville,6/1/15,8.43
101,Kingsbridge - Riverdale,5/31/16,7.95
102,Northeast Bronx,5/31/16,7.93
103,Fordham - Bronx Pk,5/31/16,8.05
104,Pelham - Throgs Neck,5/31/16,8.06
201,Greenpoint,5/31/16,9.8
202,Downtown - Heights - Slope,5/31/16,9.15
203,Bedford Stuyvesant - Crown Heights,5/31/16,8.28
204,East New York,5/31/16,8.27
205,Sunset Park,5/31/16,8.93
206,Borough Park,5/31/16,8.08
207,East Flatbush - Flatbush,5/31/16,8.12
208,Canarsie - Flatlands,5/31/16,7.77
209,Bensonhurst - Bay Ridge,5/31/16,7.94
210,Coney Island - Sheepshead Bay,5/31/16,7.66
211,Williamsburg - Bushwick,5/31/16,8.99
301,Washington Heights,5/31/16,8.45
302,Central Harlem - Morningside Heights,5/31/16,8.67
303,East Harlem,5/31/16,8.9
304,Upper West Side,5/31/16,9.12
401,Long Island City - Astoria,5/31/16,9.23
402,West Queens,5/31/16,8.71
403,Flushing - Clearview,5/31/16,7.8
405,Ridgewood - Forest Hills,5/31/16,8.05
407,Southwest Queens,5/31/16,7.59
408,Jamaica,5/31/16,7.57
409,Southeast Queens,5/31/16,7.06
410,Rockaways,5/31/16,6.87
305307,Upper East Side-Gramercy,5/31/16,10.37
306308,Chelsea-Village,5/31/16,10.44
309310,Union Square-Lower Manhattan,5/31/16,9.47
404406,Bayside Little Neck-Fresh Meadows,5/31/16,7.47
501502,Northern SI,5/31/16,7.94
503504,Southern SI,5/31/16,7.74
105106107,South Bronx,5/31/16,8.89
101,Kingsbridge - Riverdale,5/31/16,7.95
102,Northeast Bronx,5/31/16,7.93
103,Fordham - Bronx Pk,5/31/16,8.05
104,Pelham - Throgs Neck,5/31/16,8.06
105,Crotona -Tremont,5/31/16,8.8
106,High Bridge - Morrisania,5/31/16,8.85
107,Hunts Point - Mott Haven,5/31/16,8.97
201,Greenpoint,5/31/16,9.8
202,Downtown - Heights - Slope,5/31/16,9.15
203,Bedford Stuyvesant - Crown Heights,5/31/16,8.28
204,East New York,5/31/16,8.27
205,Sunset Park,5/31/16,8.93
206,Borough Park,5/31/16,8.08
207,East Flatbush - Flatbush,5/31/16,8.12
208,Canarsie - Flatlands,5/31/16,7.77
209,Bensonhurst - Bay Ridge,5/31/16,7.94
210,Coney Island - Sheepshead Bay,5/31/16,7.66
211,Williamsburg - Bushwick,5/31/16,8.99
301,Washington Heights,5/31/16,8.45
302,Central Harlem - Morningside Heights,5/31/16,8.67
303,East Harlem,5/31/16,8.9
304,Upper West Side,5/31/16,9.12
305,Upper East Side,5/31/16,9.66
306,Chelsea - Clinton,5/31/16,10.75
307,Gramercy Park - Murray Hill,5/31/16,11.17
308,Greenwich Village - SoHo,5/31/16,9.84
309,Union Square - Lower East Side,5/31/16,9.32
310,Lower Manhattan,5/31/16,9.8
401,Long Island City - Astoria,5/31/16,9.23
402,West Queens,5/31/16,8.71
403,Flushing - Clearview,5/31/16,7.8
404,Bayside - Little Neck,5/31/16,7.38
405,Ridgewood - Forest Hills,5/31/16,8.05
406,Fresh Meadows,5/31/16,7.59
407,Southwest Queens,5/31/16,7.59
408,Jamaica,5/31/16,7.57
409,Southeast Queens,5/31/16,7.06
410,Rockaways,5/31/16,6.87
501,Port Richmond,5/31/16,8.22
502,Stapleton - St. George,5/31/16,7.79
503,Willowbrook,5/31/16,8.09
504,South Beach - Tottenville,5/31/16,7.54
101,Kingsbridge - Riverdale,6/1/17,9.46
102,Northeast Bronx,6/1/17,9.25
103,Fordham - Bronx Pk,6/1/17,9.39
104,Pelham - Throgs Neck,6/1/17,9.29
201,Greenpoint,6/1/17,10.79
202,Downtown - Heights - Slope,6/1/17,10.12
203,Bedford Stuyvesant - Crown Heights,6/1/17,9.14
204,East New York,6/1/17,9.05
205,Sunset Park,6/1/17,9.75
206,Borough Park,6/1/17,8.8
207,East Flatbush - Flatbush,6/1/17,8.92
208,Canarsie - Flatlands,6/1/17,8.54
209,Bensonhurst - Bay Ridge,6/1/17,8.52
210,Coney Island - Sheepshead Bay,6/1/17,8.22
211,Williamsburg - Bushwick,6/1/17,9.87
301,Washington Heights,6/1/17,9.87
302,Central Harlem - Morningside Heights,6/1/17,9.91
303,East Harlem,6/1/17,10.05
304,Upper West Side,6/1/17,10.13
401,Long Island City - Astoria,6/1/17,10.23
402,West Queens,6/1/17,9.58
403,Flushing - Clearview,6/1/17,8.88
405,Ridgewood - Forest Hills,6/1/17,8.85
407,Southwest Queens,6/1/17,8.43
408,Jamaica,6/1/17,8.62
409,Southeast Queens,6/1/17,8.35
410,Rockaways,6/1/17,7.74
305307,Upper East Side-Gramercy,6/1/17,10.93
306308,Chelsea-Village,6/1/17,11.11
309310,Union Square-Lower Manhattan,6/1/17,10.28
404406,Bayside Little Neck-Fresh Meadows,6/1/17,8.64
501502,Northern SI,6/1/17,8.31
503504,Southern SI,6/1/17,8.06
105106107,South Bronx,6/1/17,10.15
101,Kingsbridge - Riverdale,6/1/17,9.46
102,Northeast Bronx,6/1/17,9.25
103,Fordham - Bronx Pk,6/1/17,9.39
104,Pelham - Throgs Neck,6/1/17,9.29
105,Crotona -Tremont,6/1/17,10.09
106,High Bridge - Morrisania,6/1/17,10.13
107,Hunts Point - Mott Haven,6/1/17,10.2
201,Greenpoint,6/1/17,10.79
202,Downtown - Heights - Slope,6/1/17,10.12
203,Bedford Stuyvesant - Crown Heights,6/1/17,9.14
204,East New York,6/1/17,9.05
205,Sunset Park,6/1/17,9.75
206,Borough Park,6/1/17,8.8
207,East Flatbush - Flatbush,6/1/17,8.92
208,Canarsie - Flatlands,6/1/17,8.54
209,Bensonhurst - Bay Ridge,6/1/17,8.52
210,Coney Island - Sheepshead Bay,6/1/17,8.22
211,Williamsburg - Bushwick,6/1/17,9.87
301,Washington Heights,6/1/17,9.87
302,Central Harlem - Morningside Heights,6/1/17,9.91
303,East Harlem,6/1/17,10.05
304,Upper West Side,6/1/17,10.13
305,Upper East Side,6/1/17,10.4
306,Chelsea - Clinton,6/1/17,11.34
307,Gramercy Park - Murray Hill,6/1/17,11.53
308,Greenwich Village - SoHo,6/1/17,10.66
309,Union Square - Lower East Side,6/1/17,10.19
310,Lower Manhattan,6/1/17,10.48
401,Long Island City - Astoria,6/1/17,10.23
402,West Queens,6/1/17,9.58
403,Flushing - Clearview,6/1/17,8.88
404,Bayside - Little Neck,6/1/17,8.65
405,Ridgewood - Forest Hills,6/1/17,8.85
406,Fresh Meadows,6/1/17,8.61
407,Southwest Queens,6/1/17,8.43
408,Jamaica,6/1/17,8.62
409,Southeast Queens,6/1/17,8.35
410,Rockaways,6/1/17,7.74
501,Port Richmond,6/1/17,8.61
502,Stapleton - St. George,6/1/17,8.15
503,Willowbrook,6/1/17,8.35
504,South Beach - Tottenville,6/1/17,7.88
101,Kingsbridge - Riverdale,6/1/18,8.25
102,Northeast Bronx,6/1/18,8.33
103,Fordham - Bronx Pk,6/1/18,8.55
104,Pelham - Throgs Neck,6/1/18,8.39
201,Greenpoint,6/1/18,9.85
202,Downtown - Heights - Slope,6/1/18,8.91
203,Bedford Stuyvesant - Crown Heights,6/1/18,8.48
204,East New York,6/1/18,8.41
205,Sunset Park,6/1/18,8.78
206,Borough Park,6/1/18,8.17
207,East Flatbush - Flatbush,6/1/18,8.26
208,Canarsie - Flatlands,6/1/18,8.05
209,Bensonhurst - Bay Ridge,6/1/18,7.83
210,Coney Island - Sheepshead Bay,6/1/18,7.87
211,Williamsburg - Bushwick,6/1/18,9.31
301,Washington Heights,6/1/18,8.65
302,Central Harlem - Morningside Heights,6/1/18,8.9
303,East Harlem,6/1/18,8.72
304,Upper West Side,6/1/18,9.48
401,Long Island City - Astoria,6/1/18,9.43
402,West Queens,6/1/18,8.89
403,Flushing - Clearview,6/1/18,8.35
405,Ridgewood - Forest Hills,6/1/18,8.33
407,Southwest Queens,6/1/18,8.02
408,Jamaica,6/1/18,8.25
409,Southeast Queens,6/1/18,8.05
410,Rockaways,6/1/18,7.76
305307,Upper East Side-Gramercy,6/1/18,10.79
306308,Chelsea-Village,6/1/18,10.8
309310,Union Square-Lower Manhattan,6/1/18,9.53
404406,Bayside Little Neck-Fresh Meadows,6/1/18,8.01
501502,Northern SI,6/1/18,7.6
503504,Southern SI,6/1/18,7.5
105106107,South Bronx,6/1/18,9.08
101,Kingsbridge - Riverdale,6/1/18,8.25
102,Northeast Bronx,6/1/18,8.33
103,Fordham - Bronx Pk,6/1/18,8.55
104,Pelham - Throgs Neck,6/1/18,8.39
105,Crotona -Tremont,6/1/18,8.89
106,High Bridge - Morrisania,6/1/18,9.06
107,Hunts Point - Mott Haven,6/1/18,9.23
201,Greenpoint,6/1/18,9.85
202,Downtown - Heights - Slope,6/1/18,8.91
203,Bedford Stuyvesant - Crown Heights,6/1/18,8.48
204,East New York,6/1/18,8.41
205,Sunset Park,6/1/18,8.78
206,Borough Park,6/1/18,8.17
207,East Flatbush - Flatbush,6/1/18,8.26
208,Canarsie - Flatlands,6/1/18,8.05
209,Bensonhurst - Bay Ridge,6/1/18,7.83
210,Coney Island - Sheepshead Bay,6/1/18,7.87
211,Williamsburg - Bushwick,6/1/18,9.31
301,Washington Heights,6/1/18,8.65
302,Central Harlem - Morningside Heights,6/1/18,8.9
303,East Harlem,6/1/18,8.72
304,Upper West Side,6/1/18,9.48
305,Upper East Side,6/1/18,10.03
306,Chelsea - Clinton,6/1/18,11.25
307,Gramercy Park - Murray Hill,6/1/18,11.64
308,Greenwich Village - SoHo,6/1/18,9.91
309,Union Square - Lower East Side,6/1/18,9.28
310,Lower Manhattan,6/1/18,10.07
401,Long Island City - Astoria,6/1/18,9.43
402,West Queens,6/1/18,8.89
403,Flushing - Clearview,6/1/18,8.35
404,Bayside - Little Neck,6/1/18,8
405,Ridgewood - Forest Hills,6/1/18,8.33
406,Fresh Meadows,6/1/18,8.02
407,Southwest Queens,6/1/18,8.02
408,Jamaica,6/1/18,8.25
409,Southeast Queens,6/1/18,8.05
410,Rockaways,6/1/18,7.76
501,Port Richmond,6/1/18,7.84
502,Stapleton - St. George,6/1/18,7.46
503,Willowbrook,6/1/18,7.74
504,South Beach - Tottenville,6/1/18,7.35
101,Kingsbridge - Riverdale,6/1/19,7.78
102,Northeast Bronx,6/1/19,7.7
103,Fordham - Bronx Pk,6/1/19,7.77
104,Pelham - Throgs Neck,6/1/19,7.81
201,Greenpoint,6/1/19,9.93
202,Downtown - Heights - Slope,6/1/19,8.9
203,Bedford Stuyvesant - Crown Heights,6/1/19,8.11
204,East New York,6/1/19,8.02
205,Sunset Park,6/1/19,8.86
206,Borough Park,6/1/19,7.91
207,East Flatbush - Flatbush,6/1/19,7.87
208,Canarsie - Flatlands,6/1/19,7.71
209,Bensonhurst - Bay Ridge,6/1/19,7.79
210,Coney Island - Sheepshead Bay,6/1/19,7.64
211,Williamsburg - Bushwick,6/1/19,8.96
301,Washington Heights,6/1/19,8.17
302,Central Harlem - Morningside Heights,6/1/19,8.19
303,East Harlem,6/1/19,8.27
304,Upper West Side,6/1/19,8.55
401,Long Island City - Astoria,6/1/19,9.28
402,West Queens,6/1/19,8.61
403,Flushing - Clearview,6/1/19,7.76
405,Ridgewood - Forest Hills,6/1/19,7.91
407,Southwest Queens,6/1/19,7.54
408,Jamaica,6/1/19,7.48
409,Southeast Queens,6/1/19,7.18
410,Rockaways,6/1/19,7.02
305307,Upper East Side-Gramercy,6/1/19,10.07
306308,Chelsea-Village,6/1/19,11.09
309310,Union Square-Lower Manhattan,6/1/19,9.91
404406,Bayside Little Neck-Fresh Meadows,6/1/19,7.31
501502,Northern SI,6/1/19,7.56
503504,Southern SI,6/1/19,7.31
105106107,South Bronx,6/1/19,8.45
101,Kingsbridge - Riverdale,6/1/19,7.78
102,Northeast Bronx,6/1/19,7.7
103,Fordham - Bronx Pk,6/1/19,7.77
104,Pelham - Throgs Neck,6/1/19,7.81
105,Crotona -Tremont,6/1/19,8.27
106,High Bridge - Morrisania,6/1/19,8.27
107,Hunts Point - Mott Haven,6/1/19,8.71
201,Greenpoint,6/1/19,9.93
202,Downtown - Heights - Slope,6/1/19,8.9
203,Bedford Stuyvesant - Crown Heights,6/1/19,8.11
204,East New York,6/1/19,8.02
205,Sunset Park,6/1/19,8.86
206,Borough Park,6/1/19,7.91
207,East Flatbush - Flatbush,6/1/19,7.87
208,Canarsie - Flatlands,6/1/19,7.71
209,Bensonhurst - Bay Ridge,6/1/19,7.79
210,Coney Island - Sheepshead Bay,6/1/19,7.64
211,Williamsburg - Bushwick,6/1/19,8.96
301,Washington Heights,6/1/19,8.17
302,Central Harlem - Morningside Heights,6/1/19,8.19
303,East Harlem,6/1/19,8.27
304,Upper West Side,6/1/19,8.55
305,Upper East Side,6/1/19,9.14
306,Chelsea - Clinton,6/1/19,11.24
307,Gramercy Park - Murray Hill,6/1/19,11.11
308,Greenwich Village - SoHo,6/1/19,10.79
309,Union Square - Lower East Side,6/1/19,10.09
310,Lower Manhattan,6/1/19,9.52
401,Long Island City - Astoria,6/1/19,9.28
402,West Queens,6/1/19,8.61
403,Flushing - Clearview,6/1/19,7.76
404,Bayside - Little Neck,6/1/19,7.29
405,Ridgewood - Forest Hills,6/1/19,7.91
406,Fresh Meadows,6/1/19,7.35
407,Southwest Queens,6/1/19,7.54
408,Jamaica,6/1/19,7.48
409,Southeast Queens,6/1/19,7.18
410,Rockaways,6/1/19,7.02
501,Port Richmond,6/1/19,7.79
502,Stapleton - St. George,6/1/19,7.43
503,Willowbrook,6/1/19,7.39
504,South Beach - Tottenville,6/1/19,7.25
105106107,South Bronx,6/1/20,7.39
503504,Southern SI,6/1/20,6.55
501502,Northern SI,6/1/20,6.67
404406,Bayside Little Neck-Fresh Meadows,6/1/20,6.71
309310,Union Square-Lower Manhattan,6/1/20,8.02
306308,Chelsea-Village,6/1/20,8.61
305307,Upper East Side-Gramercy,6/1/20,7.89
410,Rockaways,6/1/20,6.27
409,Southeast Queens,6/1/20,6.57
408,Jamaica,6/1/20,6.73
407,Southwest Queens,6/1/20,6.69
405,Ridgewood - Forest Hills,6/1/20,6.91
403,Flushing - Clearview,6/1/20,7.05
402,West Queens,6/1/20,7.37
401,Long Island City - Astoria,6/1/20,7.76
304,Upper West Side,6/1/20,7.24
303,East Harlem,6/1/20,7.27
302,Central Harlem - Morningside Heights,6/1/20,7.36
301,Washington Heights,6/1/20,7.35
211,Williamsburg - Bushwick,6/1/20,7.55
210,Coney Island - Sheepshead Bay,6/1/20,6.54
209,Bensonhurst - Bay Ridge,6/1/20,6.69
208,Canarsie - Flatlands,6/1/20,6.6
207,East Flatbush - Flatbush,6/1/20,6.76
206,Borough Park,6/1/20,6.74
205,Sunset Park,6/1/20,7.27
204,East New York,6/1/20,6.89
203,Bedford Stuyvesant - Crown Heights,6/1/20,6.98
202,Downtown - Heights - Slope,6/1/20,7.41
201,Greenpoint,6/1/20,7.95
104,Pelham - Throgs Neck,6/1/20,7.14
103,Fordham - Bronx Pk,6/1/20,7.22
102,Northeast Bronx,6/1/20,7.17
101,Kingsbridge - Riverdale,6/1/20,7.22
504,South Beach - Tottenville,6/1/20,6.51
503,Willowbrook,6/1/20,6.6
502,Stapleton - St. George,6/1/20,6.56
501,Port Richmond,6/1/20,6.88
410,Rockaways,6/1/20,6.27
409,Southeast Queens,6/1/20,6.57
408,Jamaica,6/1/20,6.73
407,Southwest Queens,6/1/20,6.69
406,Fresh Meadows,6/1/20,6.68
405,Ridgewood - Forest Hills,6/1/20,6.91
404,Bayside - Little Neck,6/1/20,6.73
403,Flushing - Clearview,6/1/20,7.05
402,West Queens,6/1/20,7.37
401,Long Island City - Astoria,6/1/20,7.76
310,Lower Manhattan,6/1/20,7.83
309,Union Square - Lower East Side,6/1/20,8.1
308,Greenwich Village - SoHo,6/1/20,8.45
307,Gramercy Park - Murray Hill,6/1/20,8.4
306,Chelsea - Clinton,6/1/20,8.7
305,Upper East Side,6/1/20,7.44
304,Upper West Side,6/1/20,7.24
303,East Harlem,6/1/20,7.27
302,Central Harlem - Morningside Heights,6/1/20,7.36
301,Washington Heights,6/1/20,7.35
211,Williamsburg - Bushwick,6/1/20,7.55
210,Coney Island - Sheepshead Bay,6/1/20,6.54
209,Bensonhurst - Bay Ridge,6/1/20,6.69
208,Canarsie - Flatlands,6/1/20,6.6
207,East Flatbush - Flatbush,6/1/20,6.76
206,Borough Park,6/1/20,6.74
205,Sunset Park,6/1/20,7.27
204,East New York,6/1/20,6.89
203,Bedford Stuyvesant - Crown Heights,6/1/20,6.98
202,Downtown - Heights - Slope,6/1/20,7.41
201,Greenpoint,6/1/20,7.95
107,Hunts Point - Mott Haven,6/1/20,7.52
106,High Bridge - Morrisania,6/1/20,7.24
105,Crotona -Tremont,6/1/20,7.34
104,Pelham - Throgs Neck,6/1/20,7.14
103,Fordham - Bronx Pk,6/1/20,7.22
102,Northeast Bronx,6/1/20,7.17
101,Kingsbridge - Riverdale,6/1/20,7.22
101,Kingsbridge - Riverdale,12/1/08,14.66
102,Northeast Bronx,12/1/08,13.58
103,Fordham - Bronx Pk,12/1/08,14.47
104,Pelham - Throgs Neck,12/1/08,13.3
201,Greenpoint,12/1/08,14.25
202,Downtown - Heights - Slope,12/1/08,14.16
203,Bedford Stuyvesant - Crown Heights,12/1/08,13.62
204,East New York,12/1/08,13.49
205,Sunset Park,12/1/08,13.49
206,Borough Park,12/1/08,12.56
207,East Flatbush - Flatbush,12/1/08,13.08
208,Canarsie - Flatlands,12/1/08,12.12
209,Bensonhurst - Bay Ridge,12/1/08,11.82
210,Coney Island - Sheepshead Bay,12/1/08,11.12
211,Williamsburg - Bushwick,12/1/08,14.11
301,Washington Heights,12/1/08,15.06
302,Central Harlem - Morningside Heights,12/1/08,14.56
303,East Harlem,12/1/08,14.13
304,Upper West Side,12/1/08,14.69
401,Long Island City - Astoria,12/1/08,13.59
402,West Queens,12/1/08,13.5
403,Flushing - Clearview,12/1/08,12.74
405,Ridgewood - Forest Hills,12/1/08,13.29
407,Southwest Queens,12/1/08,12.85
408,Jamaica,12/1/08,12.69
409,Southeast Queens,12/1/08,11.72
410,Rockaways,12/1/08,10.21
305307,Upper East Side-Gramercy,12/1/08,16.38
306308,Chelsea-Village,12/1/08,16.17
309310,Union Square-Lower Manhattan,12/1/08,14.88
404406,Bayside Little Neck-Fresh Meadows,12/1/08,12.4
501502,Northern SI,12/1/08,11.81
503504,Southern SI,12/1/08,11.83
105106107,South Bronx,12/1/08,14.74
101,Kingsbridge - Riverdale,12/1/08,14.66
102,Northeast Bronx,12/1/08,13.58
103,Fordham - Bronx Pk,12/1/08,14.47
104,Pelham - Throgs Neck,12/1/08,13.3
105,Crotona -Tremont,12/1/08,15.1
106,High Bridge - Morrisania,12/1/08,15.06
107,Hunts Point - Mott Haven,12/1/08,12.26
201,Greenpoint,12/1/08,14.25
202,Downtown - Heights - Slope,12/1/08,14.16
203,Bedford Stuyvesant - Crown Heights,12/1/08,13.62
204,East New York,12/1/08,12.87
205,Sunset Park,12/1/08,13.49
206,Borough Park,12/1/08,12.56
207,East Flatbush - Flatbush,12/1/08,13.08
208,Canarsie - Flatlands,12/1/08,12.12
209,Bensonhurst - Bay Ridge,12/1/08,11.82
210,Coney Island - Sheepshead Bay,12/1/08,11.12
211,Williamsburg - Bushwick,12/1/08,15.14
301,Washington Heights,12/1/08,15.02
302,Central Harlem - Morningside Heights,12/1/08,14.56
303,East Harlem,12/1/08,13.58
304,Upper West Side,12/1/08,14.69
305,Upper East Side,12/1/08,15.3
306,Chelsea - Clinton,12/1/08,16.68
307,Gramercy Park - Murray Hill,12/1/08,17.61
308,Greenwich Village - SoHo,12/1/08,15.16
309,Union Square - Lower East Side,12/1/08,14.47
310,Lower Manhattan,12/1/08,15.79
401,Long Island City - Astoria,12/1/08,13.59
402,West Queens,12/1/08,13.5
403,Flushing - Clearview,12/1/08,12.74
404,Bayside - Little Neck,12/1/08,12.16
405,Ridgewood - Forest Hills,12/1/08,13.29
406,Fresh Meadows,12/1/08,12.76
407,Southwest Queens,12/1/08,12.85
408,Jamaica,12/1/08,12.69
409,Southeast Queens,12/1/08,11.72
410,Rockaways,12/1/08,10.21
501,Port Richmond,12/1/08,12.46
502,Stapleton - St. George,12/1/08,11.46
503,Willowbrook,12/1/08,12.19
504,South Beach - Tottenville,12/1/08,11.62
101,Kingsbridge - Riverdale,12/1/09,11.5
102,Northeast Bronx,12/1/09,10.23
103,Fordham - Bronx Pk,12/1/09,11.4
104,Pelham - Throgs Neck,12/1/09,10.14
201,Greenpoint,12/1/09,10.22
202,Downtown - Heights - Slope,12/1/09,10.67
203,Bedford Stuyvesant - Crown Heights,12/1/09,10.3
204,East New York,12/1/09,10.2
205,Sunset Park,12/1/09,10.61
206,Borough Park,12/1/09,10.05
207,East Flatbush - Flatbush,12/1/09,10.26
208,Canarsie - Flatlands,12/1/09,9.45
209,Bensonhurst - Bay Ridge,12/1/09,9.49
210,Coney Island - Sheepshead Bay,12/1/09,9.05
211,Williamsburg - Bushwick,12/1/09,10.39
301,Washington Heights,12/1/09,12.13
302,Central Harlem - Morningside Heights,12/1/09,11.46
303,East Harlem,12/1/09,10.79
304,Upper West Side,12/1/09,11.26
401,Long Island City - Astoria,12/1/09,9.75
402,West Queens,12/1/09,9.84
403,Flushing - Clearview,12/1/09,9.54
405,Ridgewood - Forest Hills,12/1/09,9.73
407,Southwest Queens,12/1/09,9.67
408,Jamaica,12/1/09,9.68
409,Southeast Queens,12/1/09,8.85
410,Rockaways,12/1/09,7.95
305307,Upper East Side-Gramercy,12/1/09,13.02
306308,Chelsea-Village,12/1/09,12.59
309310,Union Square-Lower Manhattan,12/1/09,11.18
404406,Bayside Little Neck-Fresh Meadows,12/1/09,9.29
501502,Northern SI,12/1/09,9.01
503504,Southern SI,12/1/09,9.1
105106107,South Bronx,12/1/09,11.75
101,Kingsbridge - Riverdale,12/1/09,11.5
102,Northeast Bronx,12/1/09,10.23
103,Fordham - Bronx Pk,12/1/09,11.4
104,Pelham - Throgs Neck,12/1/09,10.14
105,Crotona -Tremont,12/1/09,12.21
106,High Bridge - Morrisania,12/1/09,12.17
107,Hunts Point - Mott Haven,12/1/09,8.92
201,Greenpoint,12/1/09,10.22
202,Downtown - Heights - Slope,12/1/09,10.67
203,Bedford Stuyvesant - Crown Heights,12/1/09,10.3
204,East New York,12/1/09,9.41
205,Sunset Park,12/1/09,10.61
206,Borough Park,12/1/09,10.05
207,East Flatbush - Flatbush,12/1/09,10.26
208,Canarsie - Flatlands,12/1/09,9.45
209,Bensonhurst - Bay Ridge,12/1/09,9.49
210,Coney Island - Sheepshead Bay,12/1/09,9.05
211,Williamsburg - Bushwick,12/1/09,11.25
301,Washington Heights,12/1/09,12.05
302,Central Harlem - Morningside Heights,12/1/09,11.46
303,East Harlem,12/1/09,10.22
304,Upper West Side,12/1/09,11.26
305,Upper East Side,12/1/09,11.89
306,Chelsea - Clinton,12/1/09,13.18
307,Gramercy Park - Murray Hill,12/1/09,14.3
308,Greenwich Village - SoHo,12/1/09,11.42
309,Union Square - Lower East Side,12/1/09,10.64
310,Lower Manhattan,12/1/09,12.37
401,Long Island City - Astoria,12/1/09,9.75
402,West Queens,12/1/09,9.84
403,Flushing - Clearview,12/1/09,9.54
404,Bayside - Little Neck,12/1/09,9.1
405,Ridgewood - Forest Hills,12/1/09,9.73
406,Fresh Meadows,12/1/09,9.57
407,Southwest Queens,12/1/09,9.67
408,Jamaica,12/1/09,9.68
409,Southeast Queens,12/1/09,8.85
410,Rockaways,12/1/09,7.95
501,Port Richmond,12/1/09,9.34
502,Stapleton - St. George,12/1/09,8.83
503,Willowbrook,12/1/09,9.27
504,South Beach - Tottenville,12/1/09,9
101,Kingsbridge - Riverdale,12/1/10,14.08
102,Northeast Bronx,12/1/10,13.35
103,Fordham - Bronx Pk,12/1/10,13.92
104,Pelham - Throgs Neck,12/1/10,13.3
201,Greenpoint,12/1/10,14.07
202,Downtown - Heights - Slope,12/1/10,13.85
203,Bedford Stuyvesant - Crown Heights,12/1/10,12.79
204,East New York,12/1/10,12.41
205,Sunset Park,12/1/10,13.49
206,Borough Park,12/1/10,12.54
207,East Flatbush - Flatbush,12/1/10,12.62
208,Canarsie - Flatlands,12/1/10,11.81
209,Bensonhurst - Bay Ridge,12/1/10,12.14
210,Coney Island - Sheepshead Bay,12/1/10,11.57
211,Williamsburg - Bushwick,12/1/10,13.37
301,Washington Heights,12/1/10,14.6
302,Central Harlem - Morningside Heights,12/1/10,14.35
303,East Harlem,12/1/10,14.13
304,Upper West Side,12/1/10,14.37
401,Long Island City - Astoria,12/1/10,13.64
402,West Queens,12/1/10,13.06
403,Flushing - Clearview,12/1/10,12.56
405,Ridgewood - Forest Hills,12/1/10,12.29
407,Southwest Queens,12/1/10,11.69
408,Jamaica,12/1/10,11.87
409,Southeast Queens,12/1/10,11.44
410,Rockaways,12/1/10,10.28
305307,Upper East Side-Gramercy,12/1/10,15.38
306308,Chelsea-Village,12/1/10,15.35
309310,Union Square-Lower Manhattan,12/1/10,14.25
404406,Bayside Little Neck-Fresh Meadows,12/1/10,12.13
501502,Northern SI,12/1/10,11.81
503504,Southern SI,12/1/10,11.62
105106107,South Bronx,12/1/10,14.54
101,Kingsbridge - Riverdale,12/1/10,14.08
102,Northeast Bronx,12/1/10,13.35
103,Fordham - Bronx Pk,12/1/10,13.92
104,Pelham - Throgs Neck,12/1/10,13.3
105,Crotona -Tremont,12/1/10,14.7
106,High Bridge - Morrisania,12/1/10,14.72
107,Hunts Point - Mott Haven,12/1/10,12.41
201,Greenpoint,12/1/10,14.07
202,Downtown - Heights - Slope,12/1/10,13.85
203,Bedford Stuyvesant - Crown Heights,12/1/10,12.79
204,East New York,12/1/10,11.75
205,Sunset Park,12/1/10,13.49
206,Borough Park,12/1/10,12.54
207,East Flatbush - Flatbush,12/1/10,12.62
208,Canarsie - Flatlands,12/1/10,11.81
209,Bensonhurst - Bay Ridge,12/1/10,12.14
210,Coney Island - Sheepshead Bay,12/1/10,11.57
211,Williamsburg - Bushwick,12/1/10,14.57
301,Washington Heights,12/1/10,14.4
302,Central Harlem - Morningside Heights,12/1/10,14.35
303,East Harlem,12/1/10,13.86
304,Upper West Side,12/1/10,14.37
305,Upper East Side,12/1/10,14.66
306,Chelsea - Clinton,12/1/10,15.72
307,Gramercy Park - Murray Hill,12/1/10,16.19
308,Greenwich Village - SoHo,12/1/10,14.62
309,Union Square - Lower East Side,12/1/10,14
310,Lower Manhattan,12/1/10,14.81
401,Long Island City - Astoria,12/1/10,13.64
402,West Queens,12/1/10,13.05
403,Flushing - Clearview,12/1/10,12.56
404,Bayside - Little Neck,12/1/10,12.12
405,Ridgewood - Forest Hills,12/1/10,12.3
406,Fresh Meadows,12/1/10,12.14
407,Southwest Queens,12/1/10,11.69
408,Jamaica,12/1/10,11.87
409,Southeast Queens,12/1/10,11.44
410,Rockaways,12/1/10,10.28
501,Port Richmond,12/1/10,12.16
502,Stapleton - St. George,12/1/10,11.62
503,Willowbrook,12/1/10,11.88
504,South Beach - Tottenville,12/1/10,11.47
101,Kingsbridge - Riverdale,12/1/11,9.89
102,Northeast Bronx,12/1/11,8.94
103,Fordham - Bronx Pk,12/1/11,9.88
104,Pelham - Throgs Neck,12/1/11,9.45
201,Greenpoint,12/1/11,10.37
202,Downtown - Heights - Slope,12/1/11,10.44
203,Bedford Stuyvesant - Crown Heights,12/1/11,9.47
204,East New York,12/1/11,9.06
205,Sunset Park,12/1/11,10.08
206,Borough Park,12/1/11,9.16
207,East Flatbush - Flatbush,12/1/11,9.29
208,Canarsie - Flatlands,12/1/11,8.31
209,Bensonhurst - Bay Ridge,12/1/11,8.64
210,Coney Island - Sheepshead Bay,12/1/11,8
211,Williamsburg - Bushwick,12/1/11,9.93
301,Washington Heights,12/1/11,10.96
302,Central Harlem - Morningside Heights,12/1/11,10.85
303,East Harlem,12/1/11,10.54
304,Upper West Side,12/1/11,10.84
401,Long Island City - Astoria,12/1/11,9.91
402,West Queens,12/1/11,9.57
403,Flushing - Clearview,12/1/11,9.22
405,Ridgewood - Forest Hills,12/1/11,8.97
407,Southwest Queens,12/1/11,8.45
408,Jamaica,12/1/11,8.8
409,Southeast Queens,12/1/11,8.32
410,Rockaways,12/1/11,6.73
305307,Upper East Side-Gramercy,12/1/11,12.15
306308,Chelsea-Village,12/1/11,12
309310,Union Square-Lower Manhattan,12/1/11,10.86
404406,Bayside Little Neck-Fresh Meadows,12/1/11,8.96
501502,Northern SI,12/1/11,8.23
503504,Southern SI,12/1/11,8.49
105106107,South Bronx,12/1/11,10.95
101,Kingsbridge - Riverdale,12/1/11,9.89
102,Northeast Bronx,12/1/11,8.94
103,Fordham - Bronx Pk,12/1/11,9.88
104,Pelham - Throgs Neck,12/1/11,9.45
105,Crotona -Tremont,12/1/11,11.03
106,High Bridge - Morrisania,12/1/11,11.24
107,Hunts Point - Mott Haven,12/1/11,8.81
201,Greenpoint,12/1/11,10.37
202,Downtown - Heights - Slope,12/1/11,10.44
203,Bedford Stuyvesant - Crown Heights,12/1/11,9.47
204,East New York,12/1/11,8.4
205,Sunset Park,12/1/11,10.08
206,Borough Park,12/1/11,9.16
207,East Flatbush - Flatbush,12/1/11,9.29
208,Canarsie - Flatlands,12/1/11,8.31
209,Bensonhurst - Bay Ridge,12/1/11,8.64
210,Coney Island - Sheepshead Bay,12/1/11,8
211,Williamsburg - Bushwick,12/1/11,11.01
301,Washington Heights,12/1/11,10.49
302,Central Harlem - Morningside Heights,12/1/11,10.85
303,East Harlem,12/1/11,10.18
304,Upper West Side,12/1/11,10.84
305,Upper East Side,12/1/11,11.28
306,Chelsea - Clinton,12/1/11,12.42
307,Gramercy Park - Murray Hill,12/1/11,13.13
308,Greenwich Village - SoHo,12/1/11,11.16
309,Union Square - Lower East Side,12/1/11,10.49
310,Lower Manhattan,12/1/11,11.65
401,Long Island City - Astoria,12/1/11,9.91
402,West Queens,12/1/11,9.57
403,Flushing - Clearview,12/1/11,9.23
404,Bayside - Little Neck,12/1/11,8.92
405,Ridgewood - Forest Hills,12/1/11,8.97
406,Fresh Meadows,12/1/11,9.02
407,Southwest Queens,12/1/11,8.45
408,Jamaica,12/1/11,8.8
409,Southeast Queens,12/1/11,8.31
410,Rockaways,12/1/11,6.73
501,Port Richmond,12/1/11,8.6
502,Stapleton - St. George,12/1/11,8.04
503,Willowbrook,12/1/11,8.48
504,South Beach - Tottenville,12/1/11,8.5
101,Kingsbridge - Riverdale,12/1/12,11.33
102,Northeast Bronx,12/1/12,10.59
103,Fordham - Bronx Pk,12/1/12,11.27
104,Pelham - Throgs Neck,12/1/12,10.53
201,Greenpoint,12/1/12,11.63
202,Downtown - Heights - Slope,12/1/12,11.11
203,Bedford Stuyvesant - Crown Heights,12/1/12,10.35
204,East New York,12/1/12,10.29
205,Sunset Park,12/1/12,10.78
206,Borough Park,12/1/12,10.14
207,East Flatbush - Flatbush,12/1/12,10.24
208,Canarsie - Flatlands,12/1/12,9.83
209,Bensonhurst - Bay Ridge,12/1/12,9.88
210,Coney Island - Sheepshead Bay,12/1/12,9.75
211,Williamsburg - Bushwick,12/1/12,10.94
301,Washington Heights,12/1/12,12.09
302,Central Harlem - Morningside Heights,12/1/12,12.15
303,East Harlem,12/1/12,11.98
304,Upper West Side,12/1/12,12.6
401,Long Island City - Astoria,12/1/12,11.41
402,West Queens,12/1/12,10.76
403,Flushing - Clearview,12/1/12,9.89
405,Ridgewood - Forest Hills,12/1/12,10.07
407,Southwest Queens,12/1/12,9.74
408,Jamaica,12/1/12,9.79
409,Southeast Queens,12/1/12,9.27
410,Rockaways,12/1/12,9.23
305307,Upper East Side-Gramercy,12/1/12,13.99
306308,Chelsea-Village,12/1/12,13.72
309310,Union Square-Lower Manhattan,12/1/12,12.13
404406,Bayside Little Neck-Fresh Meadows,12/1/12,9.51
501502,Northern SI,12/1/12,9.73
503504,Southern SI,12/1/12,9.71
105106107,South Bronx,12/1/12,11.98
101,Kingsbridge - Riverdale,12/1/12,11.33
102,Northeast Bronx,12/1/12,10.59
103,Fordham - Bronx Pk,12/1/12,11.27
104,Pelham - Throgs Neck,12/1/12,10.53
105,Crotona -Tremont,12/1/12,12.08
106,High Bridge - Morrisania,12/1/12,12.26
107,Hunts Point - Mott Haven,12/1/12,9.82
201,Greenpoint,12/1/12,11.63
202,Downtown - Heights - Slope,12/1/12,11.11
203,Bedford Stuyvesant - Crown Heights,12/1/12,10.35
204,East New York,12/1/12,9.57
205,Sunset Park,12/1/12,10.78
206,Borough Park,12/1/12,10.14
207,East Flatbush - Flatbush,12/1/12,10.24
208,Canarsie - Flatlands,12/1/12,9.83
209,Bensonhurst - Bay Ridge,12/1/12,9.88
210,Coney Island - Sheepshead Bay,12/1/12,9.75
211,Williamsburg - Bushwick,12/1/12,12.17
301,Washington Heights,12/1/12,11.74
302,Central Harlem - Morningside Heights,12/1/12,12.15
303,East Harlem,12/1/12,11.37
304,Upper West Side,12/1/12,12.6
305,Upper East Side,12/1/12,13.09
306,Chelsea - Clinton,12/1/12,14.31
307,Gramercy Park - Murray Hill,12/1/12,15
308,Greenwich Village - SoHo,12/1/12,12.57
309,Union Square - Lower East Side,12/1/12,11.85
310,Lower Manhattan,12/1/12,12.76
401,Long Island City - Astoria,12/1/12,11.41
402,West Queens,12/1/12,10.76
403,Flushing - Clearview,12/1/12,9.89
404,Bayside - Little Neck,12/1/12,9.4
405,Ridgewood - Forest Hills,12/1/12,10.07
406,Fresh Meadows,12/1/12,9.68
407,Southwest Queens,12/1/12,9.74
408,Jamaica,12/1/12,9.79
409,Southeast Queens,12/1/12,9.27
410,Rockaways,12/1/12,9.23
501,Port Richmond,12/1/12,10.06
502,Stapleton - St. George,12/1/12,9.55
503,Willowbrook,12/1/12,9.96
504,South Beach - Tottenville,12/1/12,9.57
101,Kingsbridge - Riverdale,12/1/13,12.45
102,Northeast Bronx,12/1/13,12.2
103,Fordham - Bronx Pk,12/1/13,12.51
104,Pelham - Throgs Neck,12/1/13,12.05
201,Greenpoint,12/1/13,13.51
202,Downtown - Heights - Slope,12/1/13,12.93
203,Bedford Stuyvesant - Crown Heights,12/1/13,11.94
204,East New York,12/1/13,11.69
205,Sunset Park,12/1/13,12.57
206,Borough Park,12/1/13,11.67
207,East Flatbush - Flatbush,12/1/13,11.7
208,Canarsie - Flatlands,12/1/13,11.07
209,Bensonhurst - Bay Ridge,12/1/13,11.51
210,Coney Island - Sheepshead Bay,12/1/13,11.04
211,Williamsburg - Bushwick,12/1/13,12.69
301,Washington Heights,12/1/13,12.93
302,Central Harlem - Morningside Heights,12/1/13,13.1
303,East Harlem,12/1/13,13.12
304,Upper West Side,12/1/13,13.77
401,Long Island City - Astoria,12/1/13,13.06
402,West Queens,12/1/13,12.41
403,Flushing - Clearview,12/1/13,11.46
405,Ridgewood - Forest Hills,12/1/13,11.63
407,Southwest Queens,12/1/13,10.95
408,Jamaica,12/1/13,10.93
409,Southeast Queens,12/1/13,10.35
410,Rockaways,12/1/13,9.87
305307,Upper East Side-Gramercy,12/1/13,15.35
306308,Chelsea-Village,12/1/13,15.31
309310,Union Square-Lower Manhattan,12/1/13,13.89
404406,Bayside Little Neck-Fresh Meadows,12/1/13,10.97
501502,Northern SI,12/1/13,11.8
503504,Southern SI,12/1/13,11.77
105106107,South Bronx,12/1/13,13.08
101,Kingsbridge - Riverdale,12/1/13,12.45
102,Northeast Bronx,12/1/13,12.2
103,Fordham - Bronx Pk,12/1/13,12.51
104,Pelham - Throgs Neck,12/1/13,12.05
105,Crotona -Tremont,12/1/13,13.13
106,High Bridge - Morrisania,12/1/13,13.2
107,Hunts Point - Mott Haven,12/1/13,11.21
201,Greenpoint,12/1/13,13.51
202,Downtown - Heights - Slope,12/1/13,12.93
203,Bedford Stuyvesant - Crown Heights,12/1/13,11.94
204,East New York,12/1/13,11.03
205,Sunset Park,12/1/13,12.57
206,Borough Park,12/1/13,11.67
207,East Flatbush - Flatbush,12/1/13,11.7
208,Canarsie - Flatlands,12/1/13,11.07
209,Bensonhurst - Bay Ridge,12/1/13,11.51
210,Coney Island - Sheepshead Bay,12/1/13,11.04
211,Williamsburg - Bushwick,12/1/13,14.01
301,Washington Heights,12/1/13,12.75
302,Central Harlem - Morningside Heights,12/1/13,13.1
303,East Harlem,12/1/13,12.58
304,Upper West Side,12/1/13,13.77
305,Upper East Side,12/1/13,14.39
306,Chelsea - Clinton,12/1/13,15.8
307,Gramercy Park - Murray Hill,12/1/13,16.44
308,Greenwich Village - SoHo,12/1/13,14.33
309,Union Square - Lower East Side,12/1/13,13.62
310,Lower Manhattan,12/1/13,14.49
401,Long Island City - Astoria,12/1/13,13.06
402,West Queens,12/1/13,12.41
403,Flushing - Clearview,12/1/13,11.46
404,Bayside - Little Neck,12/1/13,10.87
405,Ridgewood - Forest Hills,12/1/13,11.63
406,Fresh Meadows,12/1/13,11.1
407,Southwest Queens,12/1/13,10.95
408,Jamaica,12/1/13,10.93
409,Southeast Queens,12/1/13,10.35
410,Rockaways,12/1/13,9.87
501,Port Richmond,12/1/13,12.27
502,Stapleton - St. George,12/1/13,11.55
503,Willowbrook,12/1/13,12.13
504,South Beach - Tottenville,12/1/13,11.55
101,Kingsbridge - Riverdale,12/1/14,10.16
102,Northeast Bronx,12/1/14,10.14
103,Fordham - Bronx Pk,12/1/14,10.16
104,Pelham - Throgs Neck,12/1/14,9.87
201,Greenpoint,12/1/14,10.85
202,Downtown - Heights - Slope,12/1/14,10.05
203,Bedford Stuyvesant - Crown Heights,12/1/14,9.14
204,East New York,12/1/14,9.12
205,Sunset Park,12/1/14,9.64
206,Borough Park,12/1/14,8.7
207,East Flatbush - Flatbush,12/1/14,8.84
208,Canarsie - Flatlands,12/1/14,8.39
209,Bensonhurst - Bay Ridge,12/1/14,8.48
210,Coney Island - Sheepshead Bay,12/1/14,8.1
211,Williamsburg - Bushwick,12/1/14,9.96
301,Washington Heights,12/1/14,10.29
302,Central Harlem - Morningside Heights,12/1/14,10.23
303,East Harlem,12/1/14,10.33
304,Upper West Side,12/1/14,10.57
401,Long Island City - Astoria,12/1/14,10.44
402,West Queens,12/1/14,9.87
403,Flushing - Clearview,12/1/14,9.23
405,Ridgewood - Forest Hills,12/1/14,9.09
407,Southwest Queens,12/1/14,8.51
408,Jamaica,12/1/14,8.63
409,Southeast Queens,12/1/14,8.23
410,Rockaways,12/1/14,7.4
305307,Upper East Side-Gramercy,12/1/14,11.75
306308,Chelsea-Village,12/1/14,11.74
309310,Union Square-Lower Manhattan,12/1/14,10.61
404406,Bayside Little Neck-Fresh Meadows,12/1/14,8.82
501502,Northern SI,12/1/14,8.57
503504,Southern SI,12/1/14,8.31
105106107,South Bronx,12/1/14,10.57
101,Kingsbridge - Riverdale,12/1/14,10.16
102,Northeast Bronx,12/1/14,10.14
103,Fordham - Bronx Pk,12/1/14,10.16
104,Pelham - Throgs Neck,12/1/14,9.87
105,Crotona -Tremont,12/1/14,10.65
106,High Bridge - Morrisania,12/1/14,10.55
107,Hunts Point - Mott Haven,12/1/14,10.51
201,Greenpoint,12/1/14,10.85
202,Downtown - Heights - Slope,12/1/14,10.05
203,Bedford Stuyvesant - Crown Heights,12/1/14,9.14
204,East New York,12/1/14,9.12
205,Sunset Park,12/1/14,9.64
206,Borough Park,12/1/14,8.7
207,East Flatbush - Flatbush,12/1/14,8.84
208,Canarsie - Flatlands,12/1/14,8.39
209,Bensonhurst - Bay Ridge,12/1/14,8.48
210,Coney Island - Sheepshead Bay,12/1/14,8.1
211,Williamsburg - Bushwick,12/1/14,9.96
301,Washington Heights,12/1/14,10.29
302,Central Harlem - Morningside Heights,12/1/14,10.23
303,East Harlem,12/1/14,10.33
304,Upper West Side,12/1/14,10.57
305,Upper East Side,12/1/14,11.05
306,Chelsea - Clinton,12/1/14,12.11
307,Gramercy Park - Murray Hill,12/1/14,12.55
308,Greenwich Village - SoHo,12/1/14,11.01
309,Union Square - Lower East Side,12/1/14,10.46
310,Lower Manhattan,12/1/14,10.94
401,Long Island City - Astoria,12/1/14,10.44
402,West Queens,12/1/14,9.87
403,Flushing - Clearview,12/1/14,9.23
404,Bayside - Little Neck,12/1/14,8.81
405,Ridgewood - Forest Hills,12/1/14,9.09
406,Fresh Meadows,12/1/14,8.81
407,Southwest Queens,12/1/14,8.51
408,Jamaica,12/1/14,8.63
409,Southeast Queens,12/1/14,8.23
410,Rockaways,12/1/14,7.4
501,Port Richmond,12/1/14,8.97
502,Stapleton - St. George,12/1/14,8.36
503,Willowbrook,12/1/14,8.75
504,South Beach - Tottenville,12/1/14,8.05
101,Kingsbridge - Riverdale,12/1/15,8.41
102,Northeast Bronx,12/1/15,8.31
103,Fordham - Bronx Pk,12/1/15,8.33
104,Pelham - Throgs Neck,12/1/15,8.07
201,Greenpoint,12/1/15,10.19
202,Downtown - Heights - Slope,12/1/15,9.84
203,Bedford Stuyvesant - Crown Heights,12/1/15,8.75
204,East New York,12/1/15,8.42
205,Sunset Park,12/1/15,9.32
206,Borough Park,12/1/15,8.15
207,East Flatbush - Flatbush,12/1/15,8.37
208,Canarsie - Flatlands,12/1/15,7.6
209,Bensonhurst - Bay Ridge,12/1/15,7.71
210,Coney Island - Sheepshead Bay,12/1/15,7.03
211,Williamsburg - Bushwick,12/1/15,9.44
301,Washington Heights,12/1/15,8.5
302,Central Harlem - Morningside Heights,12/1/15,8.42
303,East Harlem,12/1/15,8.59
304,Upper West Side,12/1/15,8.85
401,Long Island City - Astoria,12/1/15,9.1
402,West Queens,12/1/15,8.6
403,Flushing - Clearview,12/1/15,7.68
405,Ridgewood - Forest Hills,12/1/15,8.12
407,Southwest Queens,12/1/15,7.51
408,Jamaica,12/1/15,7.42
409,Southeast Queens,12/1/15,6.89
410,Rockaways,12/1/15,5.92
305307,Upper East Side-Gramercy,12/1/15,10.1
306308,Chelsea-Village,12/1/15,10.51
309310,Union Square-Lower Manhattan,12/1/15,9.89
404406,Bayside Little Neck-Fresh Meadows,12/1/15,7.43
501502,Northern SI,12/1/15,7.67
503504,Southern SI,12/1/15,7.37
105106107,South Bronx,12/1/15,8.76
101,Kingsbridge - Riverdale,12/1/15,8.41
102,Northeast Bronx,12/1/15,8.31
103,Fordham - Bronx Pk,12/1/15,8.33
104,Pelham - Throgs Neck,12/1/15,8.07
105,Crotona -Tremont,12/1/15,8.82
106,High Bridge - Morrisania,12/1/15,8.71
107,Hunts Point - Mott Haven,12/1/15,8.75
201,Greenpoint,12/1/15,10.19
202,Downtown - Heights - Slope,12/1/15,9.84
203,Bedford Stuyvesant - Crown Heights,12/1/15,8.75
204,East New York,12/1/15,8.42
205,Sunset Park,12/1/15,9.32
206,Borough Park,12/1/15,8.15
207,East Flatbush - Flatbush,12/1/15,8.37
208,Canarsie - Flatlands,12/1/15,7.6
209,Bensonhurst - Bay Ridge,12/1/15,7.71
210,Coney Island - Sheepshead Bay,12/1/15,7.03
211,Williamsburg - Bushwick,12/1/15,9.44
301,Washington Heights,12/1/15,8.5
302,Central Harlem - Morningside Heights,12/1/15,8.42
303,East Harlem,12/1/15,8.59
304,Upper West Side,12/1/15,8.85
305,Upper East Side,12/1/15,9.31
306,Chelsea - Clinton,12/1/15,10.66
307,Gramercy Park - Murray Hill,12/1/15,10.99
308,Greenwich Village - SoHo,12/1/15,10.21
309,Union Square - Lower East Side,12/1/15,9.71
310,Lower Manhattan,12/1/15,10.28
401,Long Island City - Astoria,12/1/15,9.1
402,West Queens,12/1/15,8.6
403,Flushing - Clearview,12/1/15,7.68
404,Bayside - Little Neck,12/1/15,7.37
405,Ridgewood - Forest Hills,12/1/15,8.12
406,Fresh Meadows,12/1/15,7.5
407,Southwest Queens,12/1/15,7.51
408,Jamaica,12/1/15,7.42
409,Southeast Queens,12/1/15,6.89
410,Rockaways,12/1/15,5.92
501,Port Richmond,12/1/15,8.12
502,Stapleton - St. George,12/1/15,7.43
503,Willowbrook,12/1/15,7.78
504,South Beach - Tottenville,12/1/15,7.13
101,Kingsbridge - Riverdale,12/1/16,7.91
102,Northeast Bronx,12/1/16,8.14
103,Fordham - Bronx Pk,12/1/16,8.09
104,Pelham - Throgs Neck,12/1/16,8.18
201,Greenpoint,12/1/16,9.3
202,Downtown - Heights - Slope,12/1/16,8.52
203,Bedford Stuyvesant - Crown Heights,12/1/16,7.94
204,East New York,12/1/16,8.11
205,Sunset Park,12/1/16,8.3
206,Borough Park,12/1/16,7.62
207,East Flatbush - Flatbush,12/1/16,7.76
208,Canarsie - Flatlands,12/1/16,7.61
209,Bensonhurst - Bay Ridge,12/1/16,7.4
210,Coney Island - Sheepshead Bay,12/1/16,7.37
211,Williamsburg - Bushwick,12/1/16,8.62
301,Washington Heights,12/1/16,8.17
302,Central Harlem - Morningside Heights,12/1/16,8.28
303,East Harlem,12/1/16,8.45
304,Upper West Side,12/1/16,8.59
401,Long Island City - Astoria,12/1/16,8.85
402,West Queens,12/1/16,8.48
403,Flushing - Clearview,12/1/16,8.01
405,Ridgewood - Forest Hills,12/1/16,7.93
407,Southwest Queens,12/1/16,7.69
408,Jamaica,12/1/16,7.93
409,Southeast Queens,12/1/16,7.7
410,Rockaways,12/1/16,7.3
305307,Upper East Side-Gramercy,12/1/16,9.76
306308,Chelsea-Village,12/1/16,9.74
309310,Union Square-Lower Manhattan,12/1/16,8.81
404406,Bayside Little Neck-Fresh Meadows,12/1/16,7.85
501502,Northern SI,12/1/16,7.18
503504,Southern SI,12/1/16,7.02
105106107,South Bronx,12/1/16,8.68
101,Kingsbridge - Riverdale,12/1/16,7.91
102,Northeast Bronx,12/1/16,8.14
103,Fordham - Bronx Pk,12/1/16,8.09
104,Pelham - Throgs Neck,12/1/16,8.18
105,Crotona -Tremont,12/1/16,8.63
106,High Bridge - Morrisania,12/1/16,8.59
107,Hunts Point - Mott Haven,12/1/16,8.78
201,Greenpoint,12/1/16,9.3
202,Downtown - Heights - Slope,12/1/16,8.52
203,Bedford Stuyvesant - Crown Heights,12/1/16,7.94
204,East New York,12/1/16,8.11
205,Sunset Park,12/1/16,8.3
206,Borough Park,12/1/16,7.62
207,East Flatbush - Flatbush,12/1/16,7.76
208,Canarsie - Flatlands,12/1/16,7.61
209,Bensonhurst - Bay Ridge,12/1/16,7.4
210,Coney Island - Sheepshead Bay,12/1/16,7.37
211,Williamsburg - Bushwick,12/1/16,8.62
301,Washington Heights,12/1/16,8.17
302,Central Harlem - Morningside Heights,12/1/16,8.28
303,East Harlem,12/1/16,8.45
304,Upper West Side,12/1/16,8.59
305,Upper East Side,12/1/16,9.13
306,Chelsea - Clinton,12/1/16,10.05
307,Gramercy Park - Murray Hill,12/1/16,10.47
308,Greenwich Village - SoHo,12/1/16,9.12
309,Union Square - Lower East Side,12/1/16,8.68
310,Lower Manhattan,12/1/16,9.08
401,Long Island City - Astoria,12/1/16,8.85
402,West Queens,12/1/16,8.48
403,Flushing - Clearview,12/1/16,8.01
404,Bayside - Little Neck,12/1/16,7.87
405,Ridgewood - Forest Hills,12/1/16,7.93
406,Fresh Meadows,12/1/16,7.81
407,Southwest Queens,12/1/16,7.69
408,Jamaica,12/1/16,7.93
409,Southeast Queens,12/1/16,7.7
410,Rockaways,12/1/16,7.3
501,Port Richmond,12/1/16,7.36
502,Stapleton - St. George,12/1/16,7.08
503,Willowbrook,12/1/16,7.28
504,South Beach - Tottenville,12/1/16,6.87
101,Kingsbridge - Riverdale,12/1/17,8
102,Northeast Bronx,12/1/17,8.13
103,Fordham - Bronx Pk,12/1/17,8.22
104,Pelham - Throgs Neck,12/1/17,8.06
201,Greenpoint,12/1/17,10.07
202,Downtown - Heights - Slope,12/1/17,9.38
203,Bedford Stuyvesant - Crown Heights,12/1/17,8.61
204,East New York,12/1/17,8.23
205,Sunset Park,12/1/17,9.25
206,Borough Park,12/1/17,8.4
207,East Flatbush - Flatbush,12/1/17,8.39
208,Canarsie - Flatlands,12/1/17,7.9
209,Bensonhurst - Bay Ridge,12/1/17,8.1
210,Coney Island - Sheepshead Bay,12/1/17,7.81
211,Williamsburg - Bushwick,12/1/17,9.42
301,Washington Heights,12/1/17,8.29
302,Central Harlem - Morningside Heights,12/1/17,8.44
303,East Harlem,12/1/17,8.36
304,Upper West Side,12/1/17,9.21
401,Long Island City - Astoria,12/1/17,9.27
402,West Queens,12/1/17,8.67
403,Flushing - Clearview,12/1/17,7.94
405,Ridgewood - Forest Hills,12/1/17,8.11
407,Southwest Queens,12/1/17,7.62
408,Jamaica,12/1/17,7.71
409,Southeast Queens,12/1/17,7.46
410,Rockaways,12/1/17,7
305307,Upper East Side-Gramercy,12/1/17,10.57
306308,Chelsea-Village,12/1/17,10.88
309310,Union Square-Lower Manhattan,12/1/17,9.82
404406,Bayside Little Neck-Fresh Meadows,12/1/17,7.58
501502,Northern SI,12/1/17,7.94
503504,Southern SI,12/1/17,7.73
105106107,South Bronx,12/1/17,8.65
101,Kingsbridge - Riverdale,12/1/17,8
102,Northeast Bronx,12/1/17,8.13
103,Fordham - Bronx Pk,12/1/17,8.22
104,Pelham - Throgs Neck,12/1/17,8.06
105,Crotona -Tremont,12/1/17,8.52
106,High Bridge - Morrisania,12/1/17,8.59
107,Hunts Point - Mott Haven,12/1/17,8.78
201,Greenpoint,12/1/17,10.07
202,Downtown - Heights - Slope,12/1/17,9.38
203,Bedford Stuyvesant - Crown Heights,12/1/17,8.61
204,East New York,12/1/17,8.23
205,Sunset Park,12/1/17,9.25
206,Borough Park,12/1/17,8.4
207,East Flatbush - Flatbush,12/1/17,8.39
208,Canarsie - Flatlands,12/1/17,7.9
209,Bensonhurst - Bay Ridge,12/1/17,8.1
210,Coney Island - Sheepshead Bay,12/1/17,7.81
211,Williamsburg - Bushwick,12/1/17,9.42
301,Washington Heights,12/1/17,8.29
302,Central Harlem - Morningside Heights,12/1/17,8.44
303,East Harlem,12/1/17,8.36
304,Upper West Side,12/1/17,9.21
305,Upper East Side,12/1/17,9.75
306,Chelsea - Clinton,12/1/17,11.21
307,Gramercy Park - Murray Hill,12/1/17,11.5
308,Greenwich Village - SoHo,12/1/17,10.23
309,Union Square - Lower East Side,12/1/17,9.55
310,Lower Manhattan,12/1/17,10.41
401,Long Island City - Astoria,12/1/17,9.27
402,West Queens,12/1/17,8.67
403,Flushing - Clearview,12/1/17,7.94
404,Bayside - Little Neck,12/1/17,7.57
405,Ridgewood - Forest Hills,12/1/17,8.11
406,Fresh Meadows,12/1/17,7.6
407,Southwest Queens,12/1/17,7.62
408,Jamaica,12/1/17,7.71
409,Southeast Queens,12/1/17,7.46
410,Rockaways,12/1/17,7
501,Port Richmond,12/1/17,8.19
502,Stapleton - St. George,12/1/17,7.81
503,Willowbrook,12/1/17,8.01
504,South Beach - Tottenville,12/1/17,7.57
101,Kingsbridge - Riverdale,12/1/18,7.18
102,Northeast Bronx,12/1/18,7.19
103,Fordham - Bronx Pk,12/1/18,7.2
104,Pelham - Throgs Neck,12/1/18,7.31
201,Greenpoint,12/1/18,9.24
202,Downtown - Heights - Slope,12/1/18,8.15
203,Bedford Stuyvesant - Crown Heights,12/1/18,7.23
204,East New York,12/1/18,7.15
205,Sunset Park,12/1/18,7.97
206,Borough Park,12/1/18,6.93
207,East Flatbush - Flatbush,12/1/18,6.91
208,Canarsie - Flatlands,12/1/18,6.74
209,Bensonhurst - Bay Ridge,12/1/18,6.85
210,Coney Island - Sheepshead Bay,12/1/18,6.69
211,Williamsburg - Bushwick,12/1/18,8.1
301,Washington Heights,12/1/18,7.76
302,Central Harlem - Morningside Heights,12/1/18,7.59
303,East Harlem,12/1/18,7.79
304,Upper West Side,12/1/18,8.16
401,Long Island City - Astoria,12/1/18,8.62
402,West Queens,12/1/18,8.01
403,Flushing - Clearview,12/1/18,7.24
405,Ridgewood - Forest Hills,12/1/18,7.17
407,Southwest Queens,12/1/18,6.86
408,Jamaica,12/1/18,6.93
409,Southeast Queens,12/1/18,6.73
410,Rockaways,12/1/18,6.28
305307,Upper East Side-Gramercy,12/1/18,10.23
306308,Chelsea-Village,12/1/18,11.51
309310,Union Square-Lower Manhattan,12/1/18,9.83
404406,Bayside Little Neck-Fresh Meadows,12/1/18,6.89
501502,Northern SI,12/1/18,6.59
503504,Southern SI,12/1/18,6.46
105106107,South Bronx,12/1/18,7.91
101,Kingsbridge - Riverdale,12/1/18,7.18
102,Northeast Bronx,12/1/18,7.19
103,Fordham - Bronx Pk,12/1/18,7.2
104,Pelham - Throgs Neck,12/1/18,7.31
105,Crotona -Tremont,12/1/18,7.89
106,High Bridge - Morrisania,12/1/18,7.75
107,Hunts Point - Mott Haven,12/1/18,8.03
201,Greenpoint,12/1/18,9.24
202,Downtown - Heights - Slope,12/1/18,8.15
203,Bedford Stuyvesant - Crown Heights,12/1/18,7.23
204,East New York,12/1/18,7.15
205,Sunset Park,12/1/18,7.97
206,Borough Park,12/1/18,6.93
207,East Flatbush - Flatbush,12/1/18,6.91
208,Canarsie - Flatlands,12/1/18,6.74
209,Bensonhurst - Bay Ridge,12/1/18,6.85
210,Coney Island - Sheepshead Bay,12/1/18,6.69
211,Williamsburg - Bushwick,12/1/18,8.1
301,Washington Heights,12/1/18,7.76
302,Central Harlem - Morningside Heights,12/1/18,7.59
303,East Harlem,12/1/18,7.79
304,Upper West Side,12/1/18,8.16
305,Upper East Side,12/1/18,8.96
306,Chelsea - Clinton,12/1/18,11.75
307,Gramercy Park - Murray Hill,12/1/18,11.66
308,Greenwich Village - SoHo,12/1/18,11.04
309,Union Square - Lower East Side,12/1/18,10.08
310,Lower Manhattan,12/1/18,9.29
401,Long Island City - Astoria,12/1/18,8.62
402,West Queens,12/1/18,8.01
403,Flushing - Clearview,12/1/18,7.24
404,Bayside - Little Neck,12/1/18,6.92
405,Ridgewood - Forest Hills,12/1/18,7.17
406,Fresh Meadows,12/1/18,6.83
407,Southwest Queens,12/1/18,6.86
408,Jamaica,12/1/18,6.93
409,Southeast Queens,12/1/18,6.73
410,Rockaways,12/1/18,6.28
501,Port Richmond,12/1/18,6.86
502,Stapleton - St. George,12/1/18,6.44
503,Willowbrook,12/1/18,6.53
504,South Beach - Tottenville,12/1/18,6.43
105106107,South Bronx,12/1/19,7.28
503504,Southern SI,12/1/19,6.38
501502,Northern SI,12/1/19,7.31
404406,Bayside Little Neck-Fresh Meadows,12/1/19,7.64
309310,Union Square-Lower Manhattan,12/1/19,10.18
306308,Chelsea-Village,12/1/19,11.26
305307,Upper East Side-Gramercy,12/1/19,9.71
410,Rockaways,12/1/19,6.12
409,Southeast Queens,12/1/19,7.16
408,Jamaica,12/1/19,7.45
407,Southwest Queens,12/1/19,7.4
405,Ridgewood - Forest Hills,12/1/19,7.7
403,Flushing - Clearview,12/1/19,7.82
402,West Queens,12/1/19,8.24
401,Long Island City - Astoria,12/1/19,8.31
304,Upper West Side,12/1/19,7.87
303,East Harlem,12/1/19,7.83
302,Central Harlem - Morningside Heights,12/1/19,7.56
301,Washington Heights,12/1/19,7.35
211,Williamsburg - Bushwick,12/1/19,8.29
210,Coney Island - Sheepshead Bay,12/1/19,6.98
209,Bensonhurst - Bay Ridge,12/1/19,7.56
208,Canarsie - Flatlands,12/1/19,6.85
207,East Flatbush - Flatbush,12/1/19,7.47
206,Borough Park,12/1/19,7.49
205,Sunset Park,12/1/19,8.17
204,East New York,12/1/19,7.4
203,Bedford Stuyvesant - Crown Heights,12/1/19,7.81
202,Downtown - Heights - Slope,12/1/19,8.55
201,Greenpoint,12/1/19,8.59
104,Pelham - Throgs Neck,12/1/19,7.28
103,Fordham - Bronx Pk,12/1/19,6.68
102,Northeast Bronx,12/1/19,6.66
101,Kingsbridge - Riverdale,12/1/19,6.37
504,South Beach - Tottenville,12/1/19,6.05
503,Willowbrook,12/1/19,6.95
502,Stapleton - St. George,12/1/19,7.24
501,Port Richmond,12/1/19,7.44
410,Rockaways,12/1/19,6.12
409,Southeast Queens,12/1/19,7.16
408,Jamaica,12/1/19,7.45
407,Southwest Queens,12/1/19,7.4
406,Fresh Meadows,12/1/19,7.63
405,Ridgewood - Forest Hills,12/1/19,7.7
404,Bayside - Little Neck,12/1/19,7.65
403,Flushing - Clearview,12/1/19,7.83
402,West Queens,12/1/19,8.24
401,Long Island City - Astoria,12/1/19,8.31
310,Lower Manhattan,12/1/19,9.88
309,Union Square - Lower East Side,12/1/19,10.31
308,Greenwich Village - SoHo,12/1/19,11.04
307,Gramercy Park - Murray Hill,12/1/19,11
306,Chelsea - Clinton,12/1/19,11.38
305,Upper East Side,12/1/19,8.57
304,Upper West Side,12/1/19,7.87
303,East Harlem,12/1/19,7.83
302,Central Harlem - Morningside Heights,12/1/19,7.56
301,Washington Heights,12/1/19,7.35
211,Williamsburg - Bushwick,12/1/19,8.29
210,Coney Island - Sheepshead Bay,12/1/19,6.98
209,Bensonhurst - Bay Ridge,12/1/19,7.56
208,Canarsie - Flatlands,12/1/19,6.85
207,East Flatbush - Flatbush,12/1/19,7.47
206,Borough Park,12/1/19,7.49
205,Sunset Park,12/1/19,8.17
204,East New York,12/1/19,7.4
203,Bedford Stuyvesant - Crown Heights,12/1/19,7.81
202,Downtown - Heights - Slope,12/1/19,8.55
201,Greenpoint,12/1/19,8.59
107,Hunts Point - Mott Haven,12/1/19,7.34
106,High Bridge - Morrisania,12/1/19,7.11
105,Crotona -Tremont,12/1/19,7.37
104,Pelham - Throgs Neck,12/1/19,7.28
103,Fordham - Bronx Pk,12/1/19,6.68
102,Northeast Bronx,12/1/19,6.66
101,Kingsbridge - Riverdale,12/1/19,6.37
